Workbook

Sheet Sales_Log
A1: Transaction_ID | B1: Date | C1: Store_Location | D1: SKU_ID | E1: Quantity_Sold | F1: Unit_Retail_Price | G1: category | H1: Total_revenue
A2: TXN-100001 | B2: 46037 | C2: Delhi-Connaught Place | D2: SKU-10204 | E2: 8 | F2: =_xlfn.XLOOKUP(D2,Inventory_Table!$A$2:$A$10,Inventory_Table!$D$2:$D$10) -> ₹175 | G2: =_xlfn.XLOOKUP(D2,Inventory_Table!$A$2:$A$10,Inventory_Table!$C$2:$C$10) -> Groceries | H2: =E2*VALUE(SUBSTITUTE(F2,"₹","")) -> 1400
A3: TXN-100002 | B3: 46038 | C3: Noida-Sector 62 | D3: SKU-30992 | E3: 5 | F3: =_xlfn.XLOOKUP(D3,Inventory_Table!$A$2:$A$10,Inventory_Table!$D$2:$D$10) -> ₹250 | G3: =_xlfn.XLOOKUP(D3,Inventory_Table!$A$2:$A$10,Inventory_Table!$C$2:$C$10) -> Dairy | H3: =E3*VALUE(SUBSTITUTE(F3,"₹","")) -> 1250
A4: TXN-100003 | B4: 46040 | C4: Gurugram-Phase 3 | D4: SKU-40125 | E4: 12 | F4: =_xlfn.XLOOKUP(D4,Inventory_Table!$A$2:$A$10,Inventory_Table!$D$2:$D$10) -> ₹20 | G4: =_xlfn.XLOOKUP(D4,Inventory_Table!$A$2:$A$10,Inventory_Table!$C$2:$C$10) -> Snacks | H4: =E4*VALUE(SUBSTITUTE(F4,"₹","")) -> 240
A5: TXN-100004 | B5: 46042 | C5: Delhi-Rohini | D5: SKU-50231 | E5: 15 | F5: =_xlfn.XLOOKUP(D5,Inventory_Table!$A$2:$A$10,Inventory_Table!$D$2:$D$10) -> ₹15 | G5: =_xlfn.XLOOKUP(D5,Inventory_Table!$A$2:$A$10,Inventory_Table!$C$2:$C$10) -> Instant Food | H5: =E5*VALUE(SUBSTITUTE(F5,"₹","")) -> 225
A6: TXN-100005 | B6: 46044 | C6: Delhi-Saket | D6: SKU-60314 | E6: 7 | F6: =_xlfn.XLOOKUP(D6,Inventory_Table!$A$2:$A$10,Inventory_Table!$D$2:$D$10) -> ₹45 | G6: =_xlfn.XLOOKUP(D6,Inventory_Table!$A$2:$A$10,Inventory_Table!$C$2:$C$10) -> Beverages | H6: =E6*VALUE(SUBSTITUTE(F6,"₹","")) -> 315
A7: TXN-100006 | B7: 46047 | C7: Noida-Sector 18 | D7: SKU-10204 | E7: 10 | F7: =_xlfn.XLOOKUP(D7,Inventory_Table!$A$2:$A$10,Inventory_Table!$D$2:$D$10) -> ₹175 | G7: =_xlfn.XLOOKUP(D7,Inventory_Table!$A$2:$A$10,Inventory_Table!$C$2:$C$10) -> Groceries | H7: =E7*VALUE(SUBSTITUTE(F7,"₹","")) -> 1750
A8: TXN-100007 | B8: 46049 | C8: Gurugram-Golf Course | D8: SKU-70421 | E8: 2 | F8: =_xlfn.XLOOKUP(D8,Inventory_Table!$A$2:$A$10,Inventory_Table!$D$2:$D$10) -> ₹2,499 | G8: =_xlfn.XLOOKUP(D8,Inventory_Table!$A$2:$A$10,Inventory_Table!$C$2:$C$10) -> Kitchenware | H8: =E8*VALUE(SUBSTITUTE(F8,"₹","")) -> 4998
A9: TXN-100008 | B9: 46052 | C9: Delhi-Dwarka | D9: SKU-80517 | E9: 3 | F9: =_xlfn.XLOOKUP(D9,Inventory_Table!$A$2:$A$10,Inventory_Table!$D$2:$D$10) -> ₹1,899 | G9: =_xlfn.XLOOKUP(D9,Inventory_Table!$A$2:$A$10,Inventory_Table!$C$2:$C$10) -> Kitchenware | H9: =E9*VALUE(SUBSTITUTE(F9,"₹","")) -> 5697
A10: TXN-100009 | B10: 46056 | C10: Delhi-Vasant Kunj | D10: SKU-10204 | E10: 14 | F10: =_xlfn.XLOOKUP(D10,Inventory_Table!$A$2:$A$10,Inventory_Table!$D$2:$D$10) -> ₹175 | G10: =_xlfn.XLOOKUP(D10,Inventory_Table!$A$2:$A$10,Inventory_Table!$C$2:$C$10) -> Groceries | H10: =E10*VALUE(SUBSTITUTE(F10,"₹","")) -> 2450
A11: TXN-100010 | B11: 46058 | C11: Ghaziabad-Indirapuram | D11: SKU-30992 | E11: 6 | F11: =_xlfn.XLOOKUP(D11,Inventory_Table!$A$2:$A$10,Inventory_Table!$D$2:$D$10) -> ₹250 | G11: =_xlfn.XLOOKUP(D11,Inventory_Table!$A$2:$A$10,Inventory_Table!$C$2:$C$10) -> Dairy | H11: =E11*VALUE(SUBSTITUTE(F11,"₹","")) -> 1500
A12: TXN-100011 | B12: 46061 | C12: Faridabad-Sector 15 | D12: SKU-40125 | E12: 18 | F12: =_xlfn.XLOOKUP(D12,Inventory_Table!$A$2:$A$10,Inventory_Table!$D$2:$D$10) -> ₹20 | G12: =_xlfn.XLOOKUP(D12,Inventory_Table!$A$2:$A$10,Inventory_Table!$C$2:$C$10) -> Snacks | H12: =E12*VALUE(SUBSTITUTE(F12,"₹","")) -> 360
A13: TXN-100012 | B13: 46063 | C13: Greater Noida | D13: SKU-50231 | E13: 20 | F13: =_xlfn.XLOOKUP(D13,Inventory_Table!$A$2:$A$10,Inventory_Table!$D$2:$D$10) -> ₹15 | G13: =_xlfn.XLOOKUP(D13,Inventory_Table!$A$2:$A$10,Inventory_Table!$C$2:$C$10) -> Instant Food | H13: =E13*VALUE(SUBSTITUTE(F13,"₹","")) -> 300
... A51: TXN-100050 | B51: 46202 | C51: Noida-Sector 62 | D51: SKU-30992 | E51: 9 | F51: =_xlfn.XLOOKUP(D51,Inventory_Table!$A$2:$A$10,Inventory_Table!$D$2:$D$10) -> ₹250 | G51: =_xlfn.XLOOKUP(D51,Inventory_Table!$A$2:$A$10,Inventory_Table!$C$2:$C$10) -> Dairy | H51: =E51*VALUE(SUBSTITUTE(F51,"₹","")) -> 2250

Sheet Purchase_Hub
A1: Stock_Status | B1: (Multiple Items)
A3: rop | B3: Sum of ROP | C3: Sum of Current_Stock | D3: Sum of Safety_Stock | E3: Suggested_Order_Qty
A4: Amul Butter 500g | B4: 60 | C4: 12 | D4: 35.571429 | E4: =B4-C4+D4 -> 83.571429
A5: Dairy | B5: 60 | C5: 12 | D5: 35.571429 | E5: =B5-C5+D5 -> 83.571429
A6: Amul NCR | B6: 60 | C6: 12 | D6: 35.571429 | E6: =B6-C6+D6 -> 83.571429
A7: Coca-Cola 750ml | B7: 240 | C7: 70 | D7: 121.66667 | E7: =B7-C7+D7 -> 291.66667
A8: Beverages | B8: 240 | C8: 70 | D8: 121.66667 | E8: =B8-C8+D8 -> 291.66667
A9: Coca-Cola India | B9: 240 | C9: 70 | D9: 121.66667 | E9: =B9-C9+D9 -> 291.66667
A10: Fortune Mustard Oil 1L | B10: 192 | C10: 45 | D10: 110.07692 | E10: =B10-C10+D10 -> 257.07692
A11: Groceries | B11: 192 | C11: 45 | D11: 110.07692 | E11: =B11-C11+D11 -> 257.07692
A12: Adani Wilmar | B12: 192 | C12: 45 | D12: 110.07692 | E12: =B12-C12+D12 -> 257.07692
A13: Kitchen Storage Set | B13: 28 | C13: 110 | D13: 16 | E13: =B13-C13+D13 -> -66
A14: Kitchenware | B14: 28 | C14: 110 | D14: 16 | E14: =B14-C14+D14 -> -66
A15: Cello World | B15: 28 | C15: 110 | D15: 16 | E15: =B15-C15+D15 -> -66
... A34: Grand Total | B34: 1470 | C34: 1067 | D34: 795.98168 | E34: =B34-C34+D34 -> 1198.9817

Sheet Inventory_Table
A1: SKU_ID | B1: Product_Name | C1: Category | D1: Retail_Price | E1: Current_Stock | F1: Supplier_Name | G1: Total_Units_sold | H1: Total_Revenue | I1: Avg_Units_per_transaction | J1: Max_Units_per_Transaction | K1: Cumulative_Revenue_percent | L1: ABC_Class | M1: Jan_Sales | N1: Feb_sales | O1: March_Sales | P1: April_Sales | Q1: May-Sales | R1: June_Sales | S1: StdDev_Monthly_sales | T1: Average_Mothly_Sales | U1: CV | V1: XYZ_Sales | W1: ABC_XYZ_Sales | X1: Avg_Lead_time_Days | Y1: Max_Lead_Time_Days | Z1: Safety_Stock | AA1: ROP | AB1: Stock_Status
A2: SKU-10204 | B2: Fortune Mustard Oil 1L | C2: Groceries | D2: ₹175 | E2: 45 | F2: Adani Wilmar | G2: =SUMIF(Sales_Log!$D$2:$D$51,A2,Sales_Log!$E$2:$E$51) -> 213 | H2: =SUMIFS(Sales_Log!$H$2:$H$51,Sales_Log!$D$2:$D$51,A2) -> 37275 | I2: =IFERROR(AVERAGEIFS(Sales_Log!$E$2:$E$51,Sales_Log!$D$2:$D$51,A2),0) -> 16.384615 | J2: =IFERROR(_xlfn.MAXIFS(Sales_Log!$E$2:$E$54,Sales_Log!$D$2:$D$54,A2),0) -> 24 | K2: =H2/SUM($H$2:$H$10) -> 0.38729687 | L2: {=_xlfn.IFS(K2<=70%,"A",K2<=90%,"B",TRUE,"C")} -> A | M2: =SUMIFS(Sales_Log!$E$2:$E$51,Sales_Log!$D$2:$D$51,$A2,Sales_Log!$B$2:$B$51,">="&DATE(2026,1,1),Sales_Log!$B$2:$B$51,"<"&DATE(2026,2,1)) -> 18 | N2: =SUMIFS(Sales_Log!$E$2:$E$54,Sales_Log!$D$2:$D$54,$A2,Sales_Log!$B$2:$B$54,">="&DATE(2026,2,1),Sales_Log!$B$2:$B$54,"<"&DATE(2026,3,1)) -> 25 | O2: =SUMIFS(Sales_Log!$E$2:$E$54,Sales_Log!$D$2:$D$54,$A2,Sales_Log!$B$2:$B$54,">="&DATE(2026,3,1),Sales_Log!$B$2:$B$54,"<"&DATE(2026,4,1)) -> 29 | P2: =SUMIFS(Sales_Log!$E$2:$E$54,Sales_Log!$D$2:$D$54,$A2,Sales_Log!$B$2:$B$54,">="&DATE(2026,4,1),Sales_Log!$B$2:$B$54,"<"&DATE(2026,5,1)) -> 36 | Q2: =SUMIFS(Sales_Log!$E$2:$E$54,Sales_Log!$D$2:$D$54,$A2,Sales_Log!$B$2:$B$54,">="&DATE(2026,5,1),Sales_Log!$B$2:$B$54,"<"&DATE(2026,6,1)) -> 41 | R2: =SUMIFS(Sales_Log!$E$2:$E$54,Sales_Log!$D$2:$D$54,$A2,Sales_Log!$B$2:$B$54,">="&DATE(2026,6,1),Sales_Log!$B$2:$B$54,"<"&DATE(2026,7,1)) -> 64 | S2: =_xlfn.STDEV.P(M2:R2) -> 14.728091 | T2: =AVERAGE(M2:R2) -> 35.5 | U2: =IFERROR(S2/T2,0) -> 0.4148758 | V2: {=_xlfn.IFS(U2<20%,"X",U2<=50%,"Y",TRUE,"Z")} -> Y | W2: =L2&V2 -> AY | X2: 5 | Y2: 8 | Z2: =(J2*Y2)-(I2*X2) -> 110.07692 | AA2: =(I2*X2)+Z2 -> 192 | AB2: {=_xlfn.IFS(E2=0,"OUT OF STOCK",E2<Z2,"CRITICAL - ORDER NOW",E2<AA2,"LOW - REORDER SOON",E2>AA2*3,"OVERSTOCK - REDUCE ORDERS",TRUE,"HEALTHY")} -> CRITICAL - ORDER NOW
A3: SKU-80517 | B3: Non-Stick Cookware Set | C3: Kitchenware | D3: ₹1,899 | E3: 120 | F3: Prestige Supplier | G3: =SUMIF(Sales_Log!$D$2:$D$51,A3,Sales_Log!$E$2:$E$51) -> 8 | H3: =SUMIFS(Sales_Log!$H$2:$H$51,Sales_Log!$D$2:$D$51,A3) -> 15192 | I3: =IFERROR(AVERAGEIFS(Sales_Log!$E$2:$E$51,Sales_Log!$D$2:$D$51,A3),0) -> 2.6666667 | J3: =IFERROR(_xlfn.MAXIFS(Sales_Log!$E$2:$E$54,Sales_Log!$D$2:$D$54,A3),0) -> 3 | K3: =K2+H3/SUM($H$2:$H$10) -> 0.54514567 | L3: {=_xlfn.IFS(K3<=70%,"A",K3<=90%,"B",TRUE,"C")} -> A | M3: =SUMIFS(Sales_Log!$E$2:$E$54,Sales_Log!$D$2:$D$54,$A3,Sales_Log!$B$2:$B$54,">="&DATE(2026,1,1),Sales_Log!$B$2:$B$54,"<"&DATE(2026,2,1)) -> 3 | N3: =SUMIFS(Sales_Log!$E$2:$E$54,Sales_Log!$D$2:$D$54,$A3,Sales_Log!$B$2:$B$54,">="&DATE(2026,2,1),Sales_Log!$B$2:$B$54,"<"&DATE(2026,3,1)) -> 0 | O3: =SUMIFS(Sales_Log!$E$2:$E$54,Sales_Log!$D$2:$D$54,$A3,Sales_Log!$B$2:$B$54,">="&DATE(2026,3,1),Sales_Log!$B$2:$B$54,"<"&DATE(2026,4,1)) -> 2 | P3: =SUMIFS(Sales_Log!$E$2:$E$54,Sales_Log!$D$2:$D$54,$A3,Sales_Log!$B$2:$B$54,">="&DATE(2026,4,1),Sales_Log!$B$2:$B$54,"<"&DATE(2026,5,1)) -> 0 | Q3: =SUMIFS(Sales_Log!$E$2:$E$54,Sales_Log!$D$2:$D$54,$A3,Sales_Log!$B$2:$B$54,">="&DATE(2026,5,1),Sales_Log!$B$2:$B$54,"<"&DATE(2026,6,1)) -> 3 | R3: =SUMIFS(Sales_Log!$E$2:$E$54,Sales_Log!$D$2:$D$54,$A3,Sales_Log!$B$2:$B$54,">="&DATE(2026,6,1),Sales_Log!$B$2:$B$54,"<"&DATE(2026,7,1)) -> 0 | S3: =_xlfn.STDEV.P(M3:R3) -> 1.3743685 | T3: =AVERAGE(M3:R3) -> 1.3333333 | U3: =IFERROR(S3/T3,0) -> 1.0307764 | V3: {=_xlfn.IFS(U3<20%,"X",U3<=50%,"Y",TRUE,"Z")} -> Z | W3: =L3&V3 -> AZ | X3: 7 | Y3: 12 | Z3: =(J3*Y3)-(I3*X3) -> 17.333333 | AA3: =(I3*X3)+Z3 -> 36 | AB3: {=_xlfn.IFS(E3=0,"OUT OF STOCK",E3<Z3,"CRITICAL - ORDER NOW",E3<AA3,"LOW - REORDER SOON",E3>AA3*3,"OVERSTOCK - REDUCE ORDERS",TRUE,"HEALTHY")} -> OVERSTOCK - REDUCE ORDERS
A4: SKU-30992 | B4: Amul Butter 500g | C4: Dairy | D4: ₹250 | E4: 12 | F4: Amul NCR | G4: =SUMIF(Sales_Log!$D$2:$D$51,A4,Sales_Log!$E$2:$E$51) -> 57 | H4: =SUMIFS(Sales_Log!$H$2:$H$51,Sales_Log!$D$2:$D$51,A4) -> 14250 | I4: =IFERROR(AVERAGEIFS(Sales_Log!$E$2:$E$51,Sales_Log!$D$2:$D$51,A4),0) -> 8.1428571 | J4: =IFERROR(_xlfn.MAXIFS(Sales_Log!$E$2:$E$54,Sales_Log!$D$2:$D$54,A4),0) -> 12 | K4: =K3+H4/SUM($H$2:$H$10) -> 0.69320685 | L4: {=_xlfn.IFS(K4<=70%,"A",K4<=90%,"B",TRUE,"C")} -> A | M4: =SUMIFS(Sales_Log!$E$2:$E$54,Sales_Log!$D$2:$D$54,$A4,Sales_Log!$B$2:$B$54,">="&DATE(2026,1,1),Sales_Log!$B$2:$B$54,"<"&DATE(2026,2,1)) -> 5 | N4: =SUMIFS(Sales_Log!$E$2:$E$54,Sales_Log!$D$2:$D$54,$A4,Sales_Log!$B$2:$B$54,">="&DATE(2026,2,1),Sales_Log!$B$2:$B$54,"<"&DATE(2026,3,1)) -> 6 | O4: =SUMIFS(Sales_Log!$E$2:$E$54,Sales_Log!$D$2:$D$54,$A4,Sales_Log!$B$2:$B$54,">="&DATE(2026,3,1),Sales_Log!$B$2:$B$54,"<"&DATE(2026,4,1)) -> 8 | P4: =SUMIFS(Sales_Log!$E$2:$E$54,Sales_Log!$D$2:$D$54,$A4,Sales_Log!$B$2:$B$54,">="&DATE(2026,4,1),Sales_Log!$B$2:$B$54,"<"&DATE(2026,5,1)) -> 7 | Q4: =SUMIFS(Sales_Log!$E$2:$E$54,Sales_Log!$D$2:$D$54,$A4,Sales_Log!$B$2:$B$54,">="&DATE(2026,5,1),Sales_Log!$B$2:$B$54,"<"&DATE(2026,6,1)) -> 10 | R4: =SUMIFS(Sales_Log!$E$2:$E$54,Sales_Log!$D$2:$D$54,$A4,Sales_Log!$B$2:$B$54,">="&DATE(2026,6,1),Sales_Log!$B$2:$B$54,"<"&DATE(2026,7,1)) -> 21 | S4: =_xlfn.STDEV.P(M4:R4) -> 5.3774219 | T4: =AVERAGE(M4:R4) -> 9.5 | U4: =IFERROR(S4/T4,0) -> 0.56604441 | V4: {=_xlfn.IFS(U4<20%,"X",U4<=50%,"Y",TRUE,"Z")} -> Z | W4: =L4&V4 -> AZ | X4: 3 | Y4: 5 | Z4: =(J4*Y4)-(I4*X4) -> 35.571429 | AA4: =(I4*X4)+Z4 -> 60 | AB4: {=_xlfn.IFS(E4=0,"OUT OF STOCK",E4<Z4,"CRITICAL - ORDER NOW",E4<AA4,"LOW - REORDER SOON",E4>AA4*3,"OVERSTOCK - REDUCE ORDERS",TRUE,"HEALTHY")} -> CRITICAL - ORDER NOW
A5: SKU-70421 | B5: Premium Dinner Set | C5: Kitchenware | D5: ₹2,499 | E5: 150 | F5: HomeCraft Supplies | G5: =SUMIF(Sales_Log!$D$2:$D$51,A5,Sales_Log!$E$2:$E$51) -> 5 | H5: =SUMIFS(Sales_Log!$H$2:$H$51,Sales_Log!$D$2:$D$51,A5) -> 12495 | I5: =IFERROR(AVERAGEIFS(Sales_Log!$E$2:$E$51,Sales_Log!$D$2:$D$51,A5),0) -> 1.6666667 | J5: =IFERROR(_xlfn.MAXIFS(Sales_Log!$E$2:$E$54,Sales_Log!$D$2:$D$54,A5),0) -> 2 | K5: =K4+H5/SUM($H$2:$H$10) -> 0.82303312 | L5: {=_xlfn.IFS(K5<=70%,"A",K5<=90%,"B",TRUE,"C")} -> B | M5: =SUMIFS(Sales_Log!$E$2:$E$54,Sales_Log!$D$2:$D$54,$A5,Sales_Log!$B$2:$B$54,">="&DATE(2026,1,1),Sales_Log!$B$2:$B$54,"<"&DATE(2026,2,1)) -> 2 | N5: =SUMIFS(Sales_Log!$E$2:$E$54,Sales_Log!$D$2:$D$54,$A5,Sales_Log!$B$2:$B$54,">="&DATE(2026,2,1),Sales_Log!$B$2:$B$54,"<"&DATE(2026,3,1)) -> 0 | O5: =SUMIFS(Sales_Log!$E$2:$E$54,Sales_Log!$D$2:$D$54,$A5,Sales_Log!$B$2:$B$54,">="&DATE(2026,3,1),Sales_Log!$B$2:$B$54,"<"&DATE(2026,4,1)) -> 1 | P5: =SUMIFS(Sales_Log!$E$2:$E$54,Sales_Log!$D$2:$D$54,$A5,Sales_Log!$B$2:$B$54,">="&DATE(2026,4,1),Sales_Log!$B$2:$B$54,"<"&DATE(2026,5,1)) -> 0 | Q5: =SUMIFS(Sales_Log!$E$2:$E$54,Sales_Log!$D$2:$D$54,$A5,Sales_Log!$B$2:$B$54,">="&DATE(2026,5,1),Sales_Log!$B$2:$B$54,"<"&DATE(2026,6,1)) -> 2 | R5: =SUMIFS(Sales_Log!$E$2:$E$54,Sales_Log!$D$2:$D$54,$A5,Sales_Log!$B$2:$B$54,">="&DATE(2026,6,1),Sales_Log!$B$2:$B$54,"<"&DATE(2026,7,1)) -> 0 | S5: =_xlfn.STDEV.P(M5:R5) -> 0.89752747 | T5: =AVERAGE(M5:R5) -> 0.83333333 | U5: =IFERROR(S5/T5,0) -> 1.077033 | V5: {=_xlfn.IFS(U5<20%,"X",U5<=50%,"Y",TRUE,"Z")} -> Z | W5: =L5&V5 -> BZ | X5: 4 | Y5: 6 | Z5: =(J5*Y5)-(I5*X5) -> 5.3333333 | AA5: =(I5*X5)+Z5 -> 12 | AB5: {=_xlfn.IFS(E5=0,"OUT OF STOCK",E5<Z5,"CRITICAL - ORDER NOW",E5<AA5,"LOW - REORDER SOON",E5>AA5*3,"OVERSTOCK - REDUCE ORDERS",TRUE,"HEALTHY")} -> OVERSTOCK - REDUCE ORDERS
A6: SKU-10745 | B6: Kitchen Storage Set | C6: Kitchenware | D6: ₹699 | E6: 110 | F6: Cello World | G6: =SUMIF(Sales_Log!$D$2:$D$51,A6,Sales_Log!$E$2:$E$51) -> 9 | H6: =SUMIFS(Sales_Log!$H$2:$H$51,Sales_Log!$D$2:$D$51,A6) -> 6291 | I6: =IFERROR(AVERAGEIFS(Sales_Log!$E$2:$E$51,Sales_Log!$D$2:$D$51,A6),0) -> 3 | J6: =IFERROR(_xlfn.MAXIFS(Sales_Log!$E$2:$E$54,Sales_Log!$D$2:$D$54,A6),0) -> 4 | K6: =K5+H6/SUM($H$2:$H$10) -> 0.88839824 | L6: {=_xlfn.IFS(K6<=70%,"A",K6<=90%,"B",TRUE,"C")} -> B | M6: =SUMIFS(Sales_Log!$E$2:$E$54,Sales_Log!$D$2:$D$54,$A6,Sales_Log!$B$2:$B$54,">="&DATE(2026,1,1),Sales_Log!$B$2:$B$54,"<"&DATE(2026,2,1)) -> 0 | N6: =SUMIFS(Sales_Log!$E$2:$E$54,Sales_Log!$D$2:$D$54,$A6,Sales_Log!$B$2:$B$54,">="&DATE(2026,2,1),Sales_Log!$B$2:$B$54,"<"&DATE(2026,3,1)) -> 4 | O6: =SUMIFS(Sales_Log!$E$2:$E$54,Sales_Log!$D$2:$D$54,$A6,Sales_Log!$B$2:$B$54,">="&DATE(2026,3,1),Sales_Log!$B$2:$B$54,"<"&DATE(2026,4,1)) -> 0 | P6: =SUMIFS(Sales_Log!$E$2:$E$54,Sales_Log!$D$2:$D$54,$A6,Sales_Log!$B$2:$B$54,">="&DATE(2026,4,1),Sales_Log!$B$2:$B$54,"<"&DATE(2026,5,1)) -> 3 | Q6: =SUMIFS(Sales_Log!$E$2:$E$54,Sales_Log!$D$2:$D$54,$A6,Sales_Log!$B$2:$B$54,">="&DATE(2026,5,1),Sales_Log!$B$2:$B$54,"<"&DATE(2026,6,1)) -> 0 | R6: =SUMIFS(Sales_Log!$E$2:$E$54,Sales_Log!$D$2:$D$54,$A6,Sales_Log!$B$2:$B$54,">="&DATE(2026,6,1),Sales_Log!$B$2:$B$54,"<"&DATE(2026,7,1)) -> 2 | S6: =_xlfn.STDEV.P(M6:R6) -> 1.6072751 | T6: =AVERAGE(M6:R6) -> 1.5 | U6: =IFERROR(S6/T6,0) -> 1.0715168 | V6: {=_xlfn.IFS(U6<20%,"X",U6<=50%,"Y",TRUE,"Z")} -> Z | W6: =L6&V6 -> BZ | X6: 4 | Y6: 7 | Z6: =(J6*Y6)-(I6*X6) -> 16 | AA6: =(I6*X6)+Z6 -> 28 | AB6: {=_xlfn.IFS(E6=0,"OUT OF STOCK",E6<Z6,"CRITICAL - ORDER NOW",E6<AA6,"LOW - REORDER SOON",E6>AA6*3,"OVERSTOCK - REDUCE ORDERS",TRUE,"HEALTHY")} -> OVERSTOCK - REDUCE ORDERS
A7: SKU-90632 | B7: Seasonal Decoration Set | C7: Seasonal | D7: ₹799 | E7: 200 | F7: Festive Decor India | G7: =SUMIF(Sales_Log!$D$2:$D$51,A7,Sales_Log!$E$2:$E$51) -> 4 | H7: =SUMIFS(Sales_Log!$H$2:$H$51,Sales_Log!$D$2:$D$51,A7) -> 3196 | I7: =IFERROR(AVERAGEIFS(Sales_Log!$E$2:$E$51,Sales_Log!$D$2:$D$51,A7),0) -> 1.3333333 | J7: =IFERROR(_xlfn.MAXIFS(Sales_Log!$E$2:$E$54,Sales_Log!$D$2:$D$54,A7),0) -> 2 | K7: =K6+H7/SUM($H$2:$H$10) -> 0.9216055 | L7: {=_xlfn.IFS(K7<=70%,"A",K7<=90%,"B",TRUE,"C")} -> C | M7: =SUMIFS(Sales_Log!$E$2:$E$54,Sales_Log!$D$2:$D$54,$A7,Sales_Log!$B$2:$B$54,">="&DATE(2026,1,1),Sales_Log!$B$2:$B$54,"<"&DATE(2026,2,1)) -> 0 | N7: =SUMIFS(Sales_Log!$E$2:$E$54,Sales_Log!$D$2:$D$54,$A7,Sales_Log!$B$2:$B$54,">="&DATE(2026,2,1),Sales_Log!$B$2:$B$54,"<"&DATE(2026,3,1)) -> 2 | O7: =SUMIFS(Sales_Log!$E$2:$E$54,Sales_Log!$D$2:$D$54,$A7,Sales_Log!$B$2:$B$54,">="&DATE(2026,3,1),Sales_Log!$B$2:$B$54,"<"&DATE(2026,4,1)) -> 0 | P7: =SUMIFS(Sales_Log!$E$2:$E$54,Sales_Log!$D$2:$D$54,$A7,Sales_Log!$B$2:$B$54,">="&DATE(2026,4,1),Sales_Log!$B$2:$B$54,"<"&DATE(2026,5,1)) -> 1 | Q7: =SUMIFS(Sales_Log!$E$2:$E$54,Sales_Log!$D$2:$D$54,$A7,Sales_Log!$B$2:$B$54,">="&DATE(2026,5,1),Sales_Log!$B$2:$B$54,"<"&DATE(2026,6,1)) -> 0 | R7: =SUMIFS(Sales_Log!$E$2:$E$54,Sales_Log!$D$2:$D$54,$A7,Sales_Log!$B$2:$B$54,">="&DATE(2026,6,1),Sales_Log!$B$2:$B$54,"<"&DATE(2026,7,1)) -> 1 | S7: =_xlfn.STDEV.P(M7:R7) -> 0.74535599 | T7: =AVERAGE(M7:R7) -> 0.66666667 | U7: =IFERROR(S7/T7,0) -> 1.118034 | V7: {=_xlfn.IFS(U7<20%,"X",U7<=50%,"Y",TRUE,"Z")} -> Z | W7: =L7&V7 -> CZ | X7: 3 | Y7: 5 | Z7: =(J7*Y7)-(I7*X7) -> 6 | AA7: =(I7*X7)+Z7 -> 10 | AB7: {=_xlfn.IFS(E7=0,"OUT OF STOCK",E7<Z7,"CRITICAL - ORDER NOW",E7<AA7,"LOW - REORDER SOON",E7>AA7*3,"OVERSTOCK - REDUCE ORDERS",TRUE,"HEALTHY")} -> OVERSTOCK - REDUCE ORDERS
A8: SKU-60314 | B8: Coca-Cola 750ml | C8: Beverages | D8: ₹45 | E8: 70 | F8: Coca-Cola India | G8: =SUMIF(Sales_Log!$D$2:$D$51,A8,Sales_Log!$E$2:$E$51) -> 71 | H8: =SUMIFS(Sales_Log!$H$2:$H$51,Sales_Log!$D$2:$D$51,A8) -> 3195 | I8: =IFERROR(AVERAGEIFS(Sales_Log!$E$2:$E$51,Sales_Log!$D$2:$D$51,A8),0) -> 11.833333 | J8: =IFERROR(_xlfn.MAXIFS(Sales_Log!$E$2:$E$54,Sales_Log!$D$2:$D$54,A8),0) -> 16 | K8: =K7+H8/SUM($H$2:$H$10) -> 0.95480238 | L8: {=_xlfn.IFS(K8<=70%,"A",K8<=90%,"B",TRUE,"C")} -> C | M8: =SUMIFS(Sales_Log!$E$2:$E$54,Sales_Log!$D$2:$D$54,$A8,Sales_Log!$B$2:$B$54,">="&DATE(2026,1,1),Sales_Log!$B$2:$B$54,"<"&DATE(2026,2,1)) -> 7 | N8: =SUMIFS(Sales_Log!$E$2:$E$54,Sales_Log!$D$2:$D$54,$A8,Sales_Log!$B$2:$B$54,">="&DATE(2026,2,1),Sales_Log!$B$2:$B$54,"<"&DATE(2026,3,1)) -> 9 | O8: =SUMIFS(Sales_Log!$E$2:$E$54,Sales_Log!$D$2:$D$54,$A8,Sales_Log!$B$2:$B$54,">="&DATE(2026,3,1),Sales_Log!$B$2:$B$54,"<"&DATE(2026,4,1)) -> 11 | P8: =SUMIFS(Sales_Log!$E$2:$E$54,Sales_Log!$D$2:$D$54,$A8,Sales_Log!$B$2:$B$54,">="&DATE(2026,4,1),Sales_Log!$B$2:$B$54,"<"&DATE(2026,5,1)) -> 13 | Q8: =SUMIFS(Sales_Log!$E$2:$E$54,Sales_Log!$D$2:$D$54,$A8,Sales_Log!$B$2:$B$54,">="&DATE(2026,5,1),Sales_Log!$B$2:$B$54,"<"&DATE(2026,6,1)) -> 15 | R8: =SUMIFS(Sales_Log!$E$2:$E$54,Sales_Log!$D$2:$D$54,$A8,Sales_Log!$B$2:$B$54,">="&DATE(2026,6,1),Sales_Log!$B$2:$B$54,"<"&DATE(2026,7,1)) -> 16 | S8: =_xlfn.STDEV.P(M8:R8) -> 3.1841622 | T8: =AVERAGE(M8:R8) -> 11.833333 | U8: =IFERROR(S8/T8,0) -> 0.26908413 | V8: {=_xlfn.IFS(U8<20%,"X",U8<=50%,"Y",TRUE,"Z")} -> Y | W8: =L8&V8 -> CY | X8: 10 | Y8: 15 | Z8: =(J8*Y8)-(I8*X8) -> 121.66667 | AA8: =(I8*X8)+Z8 -> 240 | AB8: {=_xlfn.IFS(E8=0,"OUT OF STOCK",E8<Z8,"CRITICAL - ORDER NOW",E8<AA8,"LOW - REORDER SOON",E8>AA8*3,"OVERSTOCK - REDUCE ORDERS",TRUE,"HEALTHY")} -> CRITICAL - ORDER NOW
A9: SKU-40125 | B9: Lays Classic 50g | C9: Snacks | D9: ₹20 | E9: 85 | F9: PepsiCo India | G9: =SUMIF(Sales_Log!$D$2:$D$51,A9,Sales_Log!$E$2:$E$51) -> 129 | H9: =SUMIFS(Sales_Log!$H$2:$H$51,Sales_Log!$D$2:$D$51,A9) -> 2580 | I9: =IFERROR(AVERAGEIFS(Sales_Log!$E$2:$E$51,Sales_Log!$D$2:$D$51,A9),0) -> 21.5 | J9: =IFERROR(_xlfn.MAXIFS(Sales_Log!$E$2:$E$54,Sales_Log!$D$2:$D$54,A9),0) -> 28 | K9: =K8+H9/SUM($H$2:$H$10) -> 0.98160924 | L9: {=_xlfn.IFS(K9<=70%,"A",K9<=90%,"B",TRUE,"C")} -> C | M9: =SUMIFS(Sales_Log!$E$2:$E$54,Sales_Log!$D$2:$D$54,$A9,Sales_Log!$B$2:$B$54,">="&DATE(2026,1,1),Sales_Log!$B$2:$B$54,"<"&DATE(2026,2,1)) -> 12 | N9: =SUMIFS(Sales_Log!$E$2:$E$54,Sales_Log!$D$2:$D$54,$A9,Sales_Log!$B$2:$B$54,">="&DATE(2026,2,1),Sales_Log!$B$2:$B$54,"<"&DATE(2026,3,1)) -> 18 | O9: =SUMIFS(Sales_Log!$E$2:$E$54,Sales_Log!$D$2:$D$54,$A9,Sales_Log!$B$2:$B$54,">="&DATE(2026,3,1),Sales_Log!$B$2:$B$54,"<"&DATE(2026,4,1)) -> 21 | P9: =SUMIFS(Sales_Log!$E$2:$E$54,Sales_Log!$D$2:$D$54,$A9,Sales_Log!$B$2:$B$54,">="&DATE(2026,4,1),Sales_Log!$B$2:$B$54,"<"&DATE(2026,5,1)) -> 24 | Q9: =SUMIFS(Sales_Log!$E$2:$E$54,Sales_Log!$D$2:$D$54,$A9,Sales_Log!$B$2:$B$54,">="&DATE(2026,5,1),Sales_Log!$B$2:$B$54,"<"&DATE(2026,6,1)) -> 26 | R9: =SUMIFS(Sales_Log!$E$2:$E$54,Sales_Log!$D$2:$D$54,$A9,Sales_Log!$B$2:$B$54,">="&DATE(2026,6,1),Sales_Log!$B$2:$B$54,"<"&DATE(2026,7,1)) -> 28 | S9: =_xlfn.STDEV.P(M9:R9) -> 5.3463383 | T9: =AVERAGE(M9:R9) -> 21.5 | U9: =IFERROR(S9/T9,0) -> 0.2486669 | V9: {=_xlfn.IFS(U9<20%,"X",U9<=50%,"Y",TRUE,"Z")} -> Y | W9: =L9&V9 -> CY | X9: 8 | Y9: 14 | Z9: =(J9*Y9)-(I9*X9) -> 220 | AA9: =(I9*X9)+Z9 -> 392 | AB9: {=_xlfn.IFS(E9=0,"OUT OF STOCK",E9<Z9,"CRITICAL - ORDER NOW",E9<AA9,"LOW - REORDER SOON",E9>AA9*3,"OVERSTOCK - REDUCE ORDERS",TRUE,"HEALTHY")} -> CRITICAL - ORDER NOW
A10: SKU-50231 | B10: Maggi 2-Minute Noodles | C10: Instant Food | D10: ₹15 | E10: 95 | F10: Nestle India | G10: =SUMIF(Sales_Log!$D$2:$D$51,A10,Sales_Log!$E$2:$E$51) -> 118 | H10: =SUMIFS(Sales_Log!$H$2:$H$51,Sales_Log!$D$2:$D$51,A10) -> 1770 | I10: =IFERROR(AVERAGEIFS(Sales_Log!$E$2:$E$51,Sales_Log!$D$2:$D$51,A10),0) -> 19.666667 | J10: =IFERROR(_xlfn.MAXIFS(Sales_Log!$E$2:$E$54,Sales_Log!$D$2:$D$54,A10),0) -> 25 | K10: =K9+H10/SUM($H$2:$H$10) -> 1 | L10: {=_xlfn.IFS(K10<=70%,"A",K10<=90%,"B",TRUE,"C")} -> C | M10: =SUMIFS(Sales_Log!$E$2:$E$54,Sales_Log!$D$2:$D$54,$A10,Sales_Log!$B$2:$B$54,">="&DATE(2026,1,1),Sales_Log!$B$2:$B$54,"<"&DATE(2026,2,1)) -> 15 | N10: =SUMIFS(Sales_Log!$E$2:$E$54,Sales_Log!$D$2:$D$54,$A10,Sales_Log!$B$2:$B$54,">="&DATE(2026,2,1),Sales_Log!$B$2:$B$54,"<"&DATE(2026,3,1)) -> 20 | O10: =SUMIFS(Sales_Log!$E$2:$E$54,Sales_Log!$D$2:$D$54,$A10,Sales_Log!$B$2:$B$54,">="&DATE(2026,3,1),Sales_Log!$B$2:$B$54,"<"&DATE(2026,4,1)) -> 17 | P10: =SUMIFS(Sales_Log!$E$2:$E$54,Sales_Log!$D$2:$D$54,$A10,Sales_Log!$B$2:$B$54,">="&DATE(2026,4,1),Sales_Log!$B$2:$B$54,"<"&DATE(2026,5,1)) -> 22 | Q10: =SUMIFS(Sales_Log!$E$2:$E$54,Sales_Log!$D$2:$D$54,$A10,Sales_Log!$B$2:$B$54,">="&DATE(2026,5,1),Sales_Log!$B$2:$B$54,"<"&DATE(2026,6,1)) -> 19 | R10: =SUMIFS(Sales_Log!$E$2:$E$54,Sales_Log!$D$2:$D$54,$A10,Sales_Log!$B$2:$B$54,">="&DATE(2026,6,1),Sales_Log!$B$2:$B$54,"<"&DATE(2026,7,1)) -> 25 | S10: =_xlfn.STDEV.P(M10:R10) -> 3.2489314 | T10: =AVERAGE(M10:R10) -> 19.666667 | U10: =IFERROR(S10/T10,0) -> 0.1651999 | V10: {=_xlfn.IFS(U10<20%,"X",U10<=50%,"Y",TRUE,"Z")} -> X | W10: =L10&V10 -> CX | X10: 12 | Y10: 20 | Z10: =(J10*Y10)-(I10*X10) -> 264 | AA10: =(I10*X10)+Z10 -> 500 | AB10: {=_xlfn.IFS(E10=0,"OUT OF STOCK",E10<Z10,"CRITICAL - ORDER NOW",E10<AA10,"LOW - REORDER SOON",E10>AA10*3,"OVERSTOCK - REDUCE ORDERS",TRUE,"HEALTHY")} -> CRITICAL - ORDER NOW
W11: =L11&U11

Sheet date_key
A1: Date | B1: Month_Name | C1: Quarter | D1: Is_Weekend
A2: 46037 | B2: January | C2: Q1 | D2: No
A3: 46038 | B3: January | C3: Q1 | D3: No
A4: 46040 | B4: January | C4: Q1 | D4: Yes
A5: 46042 | B5: January | C5: Q1 | D5: No
A6: 46044 | B6: January | C6: Q1 | D6: No
A7: 46047 | B7: January | C7: Q1 | D7: Yes
A8: 46049 | B8: January | C8: Q1 | D8: No
A9: 46052 | B9: January | C9: Q1 | D9: No
A10: 46056 | B10: February | C10: Q1 | D10: No
A11: 46058 | B11: February | C11: Q1 | D11: No
A12: 46061 | B12: February | C12: Q1 | D12: Yes
A13: 46063 | B13: February | C13: Q1 | D13: No
... A51: 46202 | B51: June | C51: Q2 | D51: No
